##[group]==END_FILE==, 8952.912714729267, , , , 488503726, False, 
Requested labels: self-hosted, 17041.59238503957, , , , 874144036, False, 
##[group]GITHUB_TOKEN Permissions, 9.954092169058477, , , , 2398896, False, 
##[group]Run actions/checkout@v3, 0.5498922020729644, , , , 154393, False, 
##[group]Initializing the repository, 0.559902451087448, , , , 101508, False, 
##[group]Setting up auth, 0.5699127001019315, , , , 69297, False, 
##[group]Fetching the repository, 4.26967587311906, , , , 710126, False, 
##[group]Checking out the ref, 0.6499946922177999, , , , 36811, False, 
##[group]Installed distributions, 10.57143229617828, , , , 1384708, False, 
##[group]Run mvn clean install -DskipTests -B --file pom.xml, 142.0574403498139, , , , 44070823, True, [ERROR] Tests run: 5, Failures: 0, Errors: 3, Skipped: 0, Time elapsed: 0.386 s <<< FAILURE! - in org.openjdk.jol.info.GraphLayoutImageTests
[INFO] --- maven-clean-plugin:2.5:clean (default-clean) @ jol-parent ---, 8.435639103428791, , , , 513141, True, [ERROR] Errors: 
[INFO] --- maven-install-plugin:2.4:install (default-install) @ jol-parent ---, 3.141764857811804, , , , 3776466, True, [ERROR] Failed to execute goal org.apache.maven.plugins:maven-surefire-plugin:3.0.0-M5:test (default-test) on project jol-core: There are test failures.
[INFO] --- maven-license-plugin:1.10.b1:format (default) @ jol-core ---, 25.022422504989983, , , , 2704879, False, 
[INFO] --- maven-resources-plugin:2.6:resources (default-resources) @ jol-core ---, 19.208799217155264, , , , 1047469, False, 
[INFO] --- maven-compiler-plugin:3.1:compile (default-compile) @ jol-core ---, 21.98882591734269, , , , 5585539, False, 
[INFO] --- maven-compiler-plugin:3.1:testCompile (default-testCompile) @ jol-core ---, 6.2995166429844005, , , , 316249, False, 
[INFO] --- maven-surefire-plugin:3.0.0-M5:test (default-test) @ jol-core ---, 25.12620577490561, , , , 1285021, True, [ERROR] Error fetching link: /home/power/actions-runner/_work/jol/jol/jol-core/target/apidocs/package-list. Ignored it.
[INFO] --- maven-jar-plugin:2.4:jar (default-jar) @ jol-core ---, 10.406451880268676, , , , 545125, False, 
[INFO] --- maven-source-plugin:3.0.1:jar (attach-sources) @ jol-core ---, 15.49814633050014, , , , 2265362, True, [ERROR] Error fetching link: /home/power/actions-runner/_work/jol/jol/jol-core/target/apidocs/package-list. Ignored it.
[INFO] --- maven-javadoc-plugin:3.0.1:jar (attach-javadoc) @ jol-core ---, 16.360902652491102, , , , 8239889, False, 
[INFO] --- maven-install-plugin:2.4:install (default-install) @ jol-core ---, 2.90674501023421, , , , 239660, True, [ERROR] Tests run: 5, Failures: 0, Errors: 3, Skipped: 0, Time elapsed: 0.118 s <<< FAILURE! - in org.openjdk.jol.info.GraphLayoutImageTests
[INFO] --- maven-license-plugin:1.10.b1:format (default) @ jol-cli ---, 1.4470329457066762, , , , 22850, False, 
[INFO] --- maven-compiler-plugin:3.1:compile (default-compile) @ jol-cli ---, 2.881386772592495, , , , 203247, False, 
[INFO] --- maven-shade-plugin:3.2.1:shade (java-cli) @ jol-cli ---, 14.153351486545327, , , , 985330, True, [ERROR] Tests run: 82, Failures: 0, Errors: 3, Skipped: 25
[INFO] --- maven-javadoc-plugin:3.0.1:jar (attach-javadoc) @ jol-cli ---, 23.09074493733146, , , , 1698658, False, 
[INFO] --- maven-install-plugin:2.4:install (default-install) @ jol-cli ---, 1.320241757498102, , , , 60879, False, 
[INFO] --- maven-compiler-plugin:3.1:compile (default-compile) @ jol-samples ---, 1.3160153845578164, , , , 124942, False, 
[INFO] --- maven-shade-plugin:3.2.1:shade (jol-samples) @ jol-samples ---, 1.3117890116175308, , , , 29492, False, 
[INFO] --- maven-javadoc-plugin:3.0.1:jar (attach-javadoc) @ jol-samples ---, 19.169670421428663, , , , 1485349, False, 
[INFO] --- maven-install-plugin:2.4:install (default-install) @ jol-samples ---, 6.115175899357644, , , , 851034, False, 
[INFO] --- maven-compiler-plugin:3.8.0:compile (default-compile) @ jol-benchmarks ---, 20.608035938539533, , , , 786042, False, 
[INFO] --- maven-jar-plugin:2.4:jar (default-jar) @ jol-benchmarks ---, 16.522632148941593, , , , 14968, False, 
[INFO] --- maven-shade-plugin:3.2.1:shade (default) @ jol-benchmarks ---, 9.936555960101863, , , , 280463, False, 
[INFO] --- maven-javadoc-plugin:3.0.1:jar (attach-javadoc) @ jol-benchmarks ---, 60.34310088882376, , , , 1809630, False, 
[INFO] --- maven-install-plugin:2.4:install (default-install) @ jol-benchmarks ---, 34.39471735352724, , , , 1412284, False, 
##[group]Run mvn test -B --file pom.xml, 472.91694434322665, , , , 27439778, True, [ERROR] Error fetching link: /home/power/actions-runner/_work/jol/jol/jol-core/target/apidocs/package-list. Ignored it.
[INFO] --- maven-license-plugin:1.10.b1:format (default) @ jol-core ---__dup_37, 6.6267875783602905, , , , 242159, False, 
[INFO] --- maven-resources-plugin:2.6:resources (default-resources) @ jol-core ---__dup_38, 3.2257098503486765, , , , 121166, False, 
[INFO] --- maven-compiler-plugin:3.1:compile (default-compile) @ jol-core ---__dup_39, 15.836269455638488, , , , 161345, False, 
[INFO] --- maven-compiler-plugin:3.1:testCompile (default-testCompile) @ jol-core ---__dup_40, 36.15409409750955, , , , 976038, False, 
[INFO] --- maven-surefire-plugin:3.0.0-M5:test (default-test) @ jol-core ---__dup_41, 10271.426923071002, , , , 508742776, False, 
##[group]==END_FILE==__dup_42, 9705.540951272516, , , , 470972285, False, 
##[group]GITHUB_TOKEN Permissions__dup_43, 6.646698149283699, , , , 2181143, False, 
##[group]Run actions/checkout@v3__dup_44, 2.9140701964923026, , , , 166579, False, 
##[group]Cleaning the repository, 1.4386227333494468, , , , 37310, False, 
##[group]Fetching the repository__dup_46, 7.008990017780192, , , , 517930, False, 
##[group]Checking out the ref__dup_47, 1.36497327376263, , , , 19572, False, 
##[group]Installed distributions__dup_48, 67.36664761034402, , , , 9301356, False, 
##[group]Run mvn clean install -DskipTests -B --file pom.xml__dup_49, 389.0199103805429, , , , 13326122, False, 
[INFO] --- maven-clean-plugin:2.5:clean (default-clean) @ jol-parent ---__dup_50, 3.0253450607950354, , , , 82636, False, 
[INFO] --- maven-install-plugin:2.4:install (default-install) @ jol-parent ---__dup_51, 15.126725303975178, , , , 235683, False, 
[INFO] --- maven-license-plugin:1.10.b1:format (default) @ jol-core ---__dup_52, 6.780909017235914, , , , 206091, False, 
[INFO] --- maven-resources-plugin:2.6:resources (default-resources) @ jol-core ---__dup_53, 3.546929986256352, , , , 74632, False, 
[INFO] --- maven-compiler-plugin:3.1:compile (default-compile) @ jol-core ---__dup_54, 36.06004712929119, , , , 1479927, False, 
[INFO] --- maven-compiler-plugin:3.1:testCompile (default-testCompile) @ jol-core ---__dup_55, 18.5118440439148, , , , 329515, False, 
[INFO] --- maven-surefire-plugin:3.0.0-M5:test (default-test) @ jol-core ---__dup_56, 3.435160277866568, , , , 130297, False, 
[INFO] --- maven-surefire-plugin:3.0.0-M5:test (tests-1g-plus-coops-minus-ccp) @ jol-core ---, 3.36835814513747, , , , 21951, False, 
[INFO] --- maven-surefire-plugin:3.0.0-M5:test (tests-4g-minus-coops-minus-ccp) @ jol-core ---, 16.84179072568735, , , , 4220, False, 
[INFO] --- maven-jar-plugin:2.4:jar (default-jar) @ jol-core ---__dup_59, 7.0567773373529175, , , , 177435, False, 
[INFO] --- maven-source-plugin:3.0.1:jar (attach-sources) @ jol-core ---__dup_60, 11.385318623724322, , , , 248624, False, 
[INFO] --- maven-javadoc-plugin:3.0.1:jar (attach-javadoc) @ jol-core ---__dup_61, 71.66702766241337, , , , 2656281, False, 
[INFO] --- maven-license-plugin:1.10.b1:format (default) @ jol-cli ---__dup_62, 3.2965022306342053, , , , 15785, False, 
[INFO] --- maven-compiler-plugin:3.1:compile (default-compile) @ jol-cli ---__dup_63, 3.237641853466794, , , , 174919, False, 
[INFO] --- maven-jar-plugin:2.4:jar (default-jar) @ jol-cli ---, 3.1787814762993816, , , , 16793, False, 
[INFO] --- maven-shade-plugin:3.2.1:shade (java-cli) @ jol-cli ---__dup_65, 3.119921099131969, , , , 119789, False, 
[INFO] --- maven-source-plugin:3.0.1:jar (attach-sources) @ jol-cli ---, 15.599605495659848, , , , 20358, False, 
[INFO] --- maven-javadoc-plugin:3.0.1:jar (attach-javadoc) @ jol-cli ---__dup_67, 45.92159085271194, , , , 1722300, False, 
[INFO] --- maven-license-plugin:1.10.b1:format (default) @ jol-samples ---, 3.098171939749374, , , , 18471, False, 
[INFO] --- maven-compiler-plugin:3.1:compile (default-compile) @ jol-samples ---__dup_69, 2.938544889192364, , , , 121954, False, 
[INFO] --- maven-source-plugin:3.0.1:jar (attach-sources) @ jol-samples ---, 2.778917838635353, , , , 22618, False, 
[INFO] --- maven-javadoc-plugin:3.0.1:jar (attach-javadoc) @ jol-samples ---__dup_71, 41.59025375087515, , , , 1351768, False, 
[INFO] --- maven-compiler-plugin:3.8.0:compile (default-compile) @ jol-benchmarks ---__dup_72, 16.471238734847084, , , , 346757, False, 
[INFO] --- maven-shade-plugin:3.2.1:shade (default) @ jol-benchmarks ---__dup_73, 10.089686551328594, , , , 273982, False, 
[INFO] --- maven-javadoc-plugin:3.0.1:jar (attach-javadoc) @ jol-benchmarks ---__dup_74, 65.16082787969317, , , , 1834063, False, 
[INFO] --- maven-install-plugin:2.4:install (default-install) @ jol-benchmarks ---__dup_75, 12.893212921478408, , , , 1428382, False, 
##[group]Run mvn test -B --file pom.xml__dup_76, 484.8299728953904, , , , 21892317, True, [ERROR] Tests run: 5, Failures: 0, Errors: 3, Skipped: 0, Time elapsed: 0.386 s <<< FAILURE! - in org.openjdk.jol.info.GraphLayoutImageTests
[INFO] --- maven-license-plugin:1.10.b1:format (default) @ jol-core ---__dup_77, 7.116070536883657, , , , 236029, False, 
[INFO] --- maven-resources-plugin:2.6:resources (default-resources) @ jol-core ---__dup_78, 17.959037149820546, , , , 163403, False, 
[INFO] --- maven-compiler-plugin:3.1:compile (default-compile) @ jol-core ---__dup_79, 7.156581363843013, , , , 187122, False, 
[INFO] --- maven-compiler-plugin:3.1:testCompile (default-testCompile) @ jol-core ---__dup_80, 32.01345070069104, , , , 950173, False, 
[INFO] --- maven-surefire-plugin:3.0.0-M5:test (default-test) @ jol-core ---__dup_81, 1871.5130394104565, , , , 93779726, False, 
##[group]==END_FILE==__dup_82, 1313.2742312422051, , , , 62106393, False, 
##[group]GITHUB_TOKEN Permissions__dup_83, 26.367164836221864, , , , 2178119, False, 
##[group]Run actions/checkout@v3__dup_84, 2.82005149397826, , , , 158619, False, 
##[group]Cleaning the repository__dup_85, 1.3561662760361022, , , , 38317, False, 
##[group]Setting up auth__dup_86, 1.320259962067417, , , , 65968, False, 
##[group]Fetching the repository__dup_87, 6.601299810337085, , , , 471323, False, 
##[group]Installed distributions__dup_88, 86.4931286990167, , , , 8558651, False, 
##[group]Run mvn clean install -DskipTests -B --file pom.xml__dup_89, 409.4722053025657, , , , 13168989, False, 
[INFO] --- maven-install-plugin:2.4:install (default-install) @ jol-parent ---__dup_90, 10.496648621448784, , , , 228403, False, 
[INFO] --- maven-license-plugin:1.10.b1:format (default) @ jol-core ---__dup_91, 17.288034899202685, , , , 200249, False, 
[INFO] --- maven-compiler-plugin:3.1:compile (default-compile) @ jol-core ---__dup_92, 55.6932565326692, , , , 1489657, False, 
[INFO] --- maven-compiler-plugin:3.1:testCompile (default-testCompile) @ jol-core ---__dup_93, 17.586865088883584, , , , 328960, False, 
[INFO] --- maven-surefire-plugin:3.0.0-M5:test (default-test) @ jol-core ---__dup_94, 3.508914555455958, , , , 130964, False, 
[INFO] --- maven-surefire-plugin:3.0.0-M5:test (tests-1g-plus-coops-minus-ccp-align16) @ jol-core ---, 3.5046853242955787, , , , 3091, False, 
[INFO] --- maven-jar-plugin:2.4:jar (default-jar) @ jol-core ---__dup_96, 6.996682955110018, , , , 174837, False, 
[INFO] --- maven-source-plugin:3.0.1:jar (attach-sources) @ jol-core ---__dup_97, 6.979766030468502, , , , 250446, False, 
[INFO] --- maven-javadoc-plugin:3.0.1:jar (attach-javadoc) @ jol-core ---__dup_98, 66.85091045534003, , , , 2670095, False, 
[INFO] --- maven-compiler-plugin:3.1:compile (default-compile) @ jol-cli ---__dup_99, 17.21829872637994, , , , 203117, False, 
[INFO] --- maven-jar-plugin:2.4:jar (default-jar) @ jol-cli ---__dup_100, 3.43739112004606, , , , 16044, False, 
[INFO] --- maven-shade-plugin:3.2.1:shade (java-cli) @ jol-cli ---__dup_101, 3.431122494816132, , , , 124202, False, 
[INFO] --- maven-javadoc-plugin:3.0.1:jar (attach-javadoc) @ jol-cli ---__dup_102, 53.47527149836054, , , , 1706773, False, 
[INFO] --- maven-compiler-plugin:3.1:compile (default-compile) @ jol-samples ---__dup_103, 17.05803902729866, , , , 131209, False, 
[INFO] --- maven-source-plugin:3.0.1:jar (attach-sources) @ jol-samples ---__dup_104, 3.4048910115012285, , , , 31467, False, 
[INFO] --- maven-javadoc-plugin:3.0.1:jar (attach-javadoc) @ jol-samples ---__dup_105, 37.84406421856521, , , , 1283521, False, 
[INFO] --- maven-install-plugin:2.4:install (default-install) @ jol-samples ---__dup_106, 17.526863166849907, , , , 24938, False, 
[INFO] --- maven-compiler-plugin:3.8.0:compile (default-compile) @ jol-benchmarks ---__dup_107, 10.464888752296106, , , , 328446, False, 
[INFO] --- maven-shade-plugin:3.2.1:shade (default) @ jol-benchmarks ---__dup_108, 17.313408384292245, , , , 296356, False, 
[INFO] --- maven-javadoc-plugin:3.0.1:jar (attach-javadoc) @ jol-benchmarks ---__dup_109, 47.185664889235866, , , , 1775193, False, 
[INFO] --- maven-install-plugin:2.4:install (default-install) @ jol-benchmarks ---__dup_110, 44.05295469582301, , , , 1395968, False, 
##[group]Run mvn test -B --file pom.xml__dup_111, 667.7099273939583, , , , 21764146, True, [ERROR] Tests run: 5, Failures: 0, Errors: 3, Skipped: 0, Time elapsed: 0.386 s <<< FAILURE! - in org.openjdk.jol.info.GraphLayoutImageTests
[INFO] --- maven-license-plugin:1.10.b1:format (default) @ jol-core ---__dup_112, 16.89496976806086, , , , 210632, False, 
[INFO] --- maven-resources-plugin:2.6:resources (default-resources) @ jol-core ---__dup_113, 3.392520629973624, , , , 122299, False, 
[INFO] --- maven-compiler-plugin:3.1:compile (default-compile) @ jol-core ---__dup_114, 6.825621289031604, , , , 159849, False, 
[INFO] --- maven-compiler-plugin:3.1:testCompile (default-testCompile) @ jol-core ---__dup_115, 34.28780674477566, , , , 945046, False, 
[INFO] --- maven-surefire-plugin:3.0.0-M5:test (default-test) @ jol-core ---__dup_116, 13398.838838152964, , , , 646189097, False, 
##[group]==END_FILE==__dup_117, 12652.131547211742, , , , 613998325, False, 
##[group]GITHUB_TOKEN Permissions__dup_118, 14.0935202014793, , , , 2233975, False, 
##[group]Run actions/checkout@v3__dup_119, 2.5272038456805044, , , , 162901, False, 
##[group]Setting up auth__dup_120, 1.396821583065309, , , , 61709, False, 
##[group]Fetching the repository__dup_121, 6.120164973161463, , , , 419251, False, 
##[group]Installed distributions__dup_122, 64.13027328632202, , , , 8110314, False, 
##[group]Run mvn clean install -DskipTests -B --file pom.xml__dup_123, 412.4659188756944, , , , 13128973, True, [ERROR] Tests run: 5, Failures: 0, Errors: 3, Skipped: 0, Time elapsed: 0.386 s <<< FAILURE! - in org.openjdk.jol.info.GraphLayoutImageTests
[INFO] --- maven-clean-plugin:2.5:clean (default-clean) @ jol-parent ---__dup_124, 3.399015620276752, , , , 60948, False, 
[INFO] --- maven-install-plugin:2.4:install (default-install) @ jol-parent ---__dup_125, 17.158626805198143, , , , 228474, False, 
[INFO] --- maven-license-plugin:1.10.b1:format (default) @ jol-core ---__dup_126, 6.9107634293411575, , , , 177764, False, 
[INFO] --- maven-compiler-plugin:3.1:compile (default-compile) @ jol-core ---__dup_127, 70.238395120291, , , , 1734425, False, 
[INFO] --- maven-compiler-plugin:3.1:testCompile (default-testCompile) @ jol-core ---__dup_128, 10.580647749724646, , , , 333173, False, 
[INFO] --- maven-surefire-plugin:3.0.0-M5:test (default-test) @ jol-core ---__dup_129, 17.568479610272227, , , , 152571, False, 
[INFO] --- maven-jar-plugin:2.4:jar (default-jar) @ jol-core ---__dup_130, 6.968184215302792, , , , 184981, False, 
[INFO] --- maven-source-plugin:3.0.1:jar (attach-sources) @ jol-core ---__dup_131, 17.27244146624173, , , , 240447, False, 
[INFO] --- maven-javadoc-plugin:3.0.1:jar (attach-javadoc) @ jol-core ---__dup_132, 83.49355156104463, , , , 2863171, True, [ERROR] Tests run: 5, Failures: 0, Errors: 3, Skipped: 0, Time elapsed: 0.386 s <<< FAILURE! - in org.openjdk.jol.info.GraphLayoutImageTests
[INFO] --- maven-install-plugin:2.4:install (default-install) @ jol-core ---__dup_133, 3.553623196833092, , , , 22006, True, [ERROR] Errors: 
[INFO] --- maven-compiler-plugin:3.1:compile (default-compile) @ jol-cli ---__dup_134, 7.100358567453875, , , , 230021, True, [ERROR] Failed to execute goal org.apache.maven.plugins:maven-surefire-plugin:3.0.0-M5:test (default-test) on project jol-core: There are test failures.
[INFO] --- maven-shade-plugin:3.2.1:shade (java-cli) @ jol-cli ---__dup_135, 3.546735370620783, , , , 122472, False, 
[INFO] --- maven-source-plugin:3.0.1:jar (attach-sources) @ jol-cli ---__dup_136, 3.5444394285500143, , , , 15804, False, 
[INFO] --- maven-javadoc-plugin:3.0.1:jar (attach-javadoc) @ jol-cli ---__dup_137, 49.0785212639059, , , , 1568770, False, 
[INFO] --- maven-license-plugin:1.10.b1:format (default) @ jol-samples ---__dup_138, 3.470900523050718, , , , 11684, False, 
[INFO] --- maven-compiler-plugin:3.1:compile (default-compile) @ jol-samples ---__dup_139, 17.35450261525359, , , , 154311, False, 
[INFO] --- maven-shade-plugin:3.2.1:shade (jol-samples) @ jol-samples ---__dup_140, 3.4707939807305914, , , , 25733, False, 
[INFO] --- maven-javadoc-plugin:3.0.1:jar (attach-javadoc) @ jol-samples ---__dup_141, 31.951985214631588, , , , 1126092, False, 
[INFO] --- maven-compiler-plugin:3.8.0:compile (default-compile) @ jol-benchmarks ---__dup_142, 17.2769958478869, , , , 387414, False, 
[INFO] --- maven-jar-plugin:2.4:jar (default-jar) @ jol-benchmarks ---__dup_143, 3.4768585176332185, , , , 14380, False, 
[INFO] --- maven-shade-plugin:3.2.1:shade (default) @ jol-benchmarks ---__dup_144, 17.455823748352223, , , , 276343, False, 
[INFO] --- maven-javadoc-plugin:3.0.1:jar (attach-javadoc) @ jol-benchmarks ---__dup_145, 47.5793037662572, , , , 1739215, False, 
[INFO] --- maven-install-plugin:2.4:install (default-install) @ jol-benchmarks ---__dup_146, 16.7202863086554, , , , 1204313, False, 
##[group]Run mvn test -B --file pom.xml__dup_147, 979.507846800594, , , , 35467610, True, [ERROR] Error fetching link: /home/power/actions-runner/_work/jol/jol/jol-core/target/apidocs/package-list. Ignored it.
[INFO] --- maven-license-plugin:1.10.b1:format (default) @ jol-core ---__dup_148, 17.068274020463804, , , , 212673, False, 
[INFO] --- maven-resources-plugin:2.6:resources (default-resources) @ jol-core ---__dup_149, 3.428674931249272, , , , 102628, False, 
[INFO] --- maven-compiler-plugin:3.1:compile (default-compile) @ jol-core ---__dup_150, 6.872369989655053, , , , 147624, False, 
[INFO] --- maven-compiler-plugin:3.1:testCompile (default-testCompile) @ jol-core ---__dup_151, 34.43826480814829, , , , 1061374, False, 
[INFO] --- maven-surefire-plugin:3.0.0-M5:test (default-test) @ jol-core ---__dup_152, 16270.48681506413, , , , 778509401, False, 
##[group]==END_FILE==__dup_153, 15193.712449277256, , , , 732066940, False, 
##[group]GITHUB_TOKEN Permissions__dup_154, 12.583690622676134, , , , 2117380, False, 
##[group]Run actions/checkout@v3__dup_155, 2.7174350649376837, , , , 168826, False, 
##[group]Cleaning the repository__dup_156, 6.644700025479615, , , , 34578, False, 
##[group]Setting up auth__dup_157, 1.4364784065105871, , , , 76143, False, 
##[group]Fetching the repository__dup_158, 9.333160060846213, , , , 459892, False, 
##[group]Checking out the ref__dup_159, 1.90023242220899, , , , 22493, False, 
##[group]Installed distributions__dup_160, 93.85016075563452, , , , 8189120, False, 
##[group]Run mvn clean install -DskipTests -B --file pom.xml__dup_161, 407.898125924251, , , , 12845105, True, [ERROR] Tests run: 5, Failures: 0, Errors: 3, Skipped: 0, Time elapsed: 0.386 s <<< FAILURE! - in org.openjdk.jol.info.GraphLayoutImageTests
[INFO] --- maven-install-plugin:2.4:install (default-install) @ jol-parent ---__dup_162, 16.667740875636877, , , , 239724, False, 
[INFO] --- maven-license-plugin:1.10.b1:format (default) @ jol-core ---__dup_163, 3.3918595296729928, , , , 185613, False, 
[INFO] --- maven-resources-plugin:2.6:resources (default-resources) @ jol-core ---__dup_164, 3.421015206945801, , , , 69413, False, 
[INFO] --- maven-compiler-plugin:3.1:compile (default-compile) @ jol-core ---__dup_165, 69.93786433733396, , , , 1724546, False, 
[INFO] --- maven-compiler-plugin:3.1:testCompile (default-testCompile) @ jol-core ---__dup_166, 14.217388940594548, , , , 348004, False, 
[INFO] --- maven-surefire-plugin:3.0.0-M5:test (default-test) @ jol-core ---__dup_167, 17.803195170516048, , , , 146109, False, 
[INFO] --- maven-surefire-plugin:3.0.0-M5:test (tests-1g-plus-coops-plus-ccp) @ jol-core ---, 3.5583938536741484, , , , 5813, False, 
[INFO] --- maven-jar-plugin:2.4:jar (default-jar) @ jol-core ---__dup_169, 7.110052166061114, , , , 165365, False, 
[INFO] --- maven-source-plugin:3.0.1:jar (attach-sources) @ jol-core ---__dup_170, 17.74706565978952, , , , 240429, False, 
[INFO] --- maven-javadoc-plugin:3.0.1:jar (attach-javadoc) @ jol-core ---__dup_171, 83.5955094764303, , , , 2641059, True, [ERROR] Tests run: 5, Failures: 0, Errors: 3, Skipped: 0, Time elapsed: 0.386 s <<< FAILURE! - in org.openjdk.jol.info.GraphLayoutImageTests
[INFO] --- maven-compiler-plugin:3.1:compile (default-compile) @ jol-cli ---__dup_172, 6.952708757791783, , , , 203885, True, [ERROR] Failed to execute goal org.apache.maven.plugins:maven-surefire-plugin:3.0.0-M5:test (default-test) on project jol-core: There are test failures.
[INFO] --- maven-jar-plugin:2.4:jar (default-jar) @ jol-cli ---__dup_173, 3.480224207526749, , , , 22303, True, ##[error]Process completed with exit code 1.
[INFO] --- maven-shade-plugin:3.2.1:shade (java-cli) @ jol-cli ---__dup_174, 17.401121037633743, , , , 127128, False, 
[INFO] --- maven-javadoc-plugin:3.0.1:jar (attach-javadoc) @ jol-cli ---__dup_175, 45.59190119711772, , , , 1561102, False, 
[INFO] --- maven-compiler-plugin:3.1:compile (default-compile) @ jol-samples ---__dup_176, 6.901206951890768, , , , 161117, False, 
[INFO] --- maven-javadoc-plugin:3.0.1:jar (attach-javadoc) @ jol-samples ---__dup_177, 32.50107226999319, , , , 1091626, False, 
[INFO] --- maven-install-plugin:2.4:install (default-install) @ jol-samples ---__dup_178, 15.48196292391019, , , , 23245, False, 
[INFO] --- maven-compiler-plugin:3.8.0:compile (default-compile) @ jol-benchmarks ---__dup_179, 10.070401982090354, , , , 386710, False, 
[INFO] --- maven-surefire-plugin:3.0.0-M5:test (default-test) @ jol-benchmarks ---, 3.530406044639949, , , , 1855, False, 
[INFO] --- maven-shade-plugin:3.2.1:shade (default) @ jol-benchmarks ---__dup_181, 17.652030223199745, , , , 278392, False, 
[INFO] --- maven-source-plugin:3.0.1:jar (attach-sources) @ jol-benchmarks ---, 2.7365304864184807, , , , 11625, False, 
[INFO] --- maven-javadoc-plugin:3.0.1:jar (attach-javadoc) @ jol-benchmarks ---__dup_183, 44.39857272168421, , , , 1681154, False, 
[INFO] --- maven-install-plugin:2.4:install (default-install) @ jol-benchmarks ---__dup_184, 47.04268884342726, , , , 1199636, False, 
##[group]Run mvn test -B --file pom.xml__dup_185, 1001.1701908106276, , , , 35375290, True, [ERROR] Error fetching link: /home/power/actions-runner/_work/jol/jol/jol-core/target/apidocs/package-list. Ignored it.
[INFO] --- maven-license-plugin:1.10.b1:format (default) @ jol-core ---__dup_186, 6.553821022741231, , , , 208544, False, 
[INFO] --- maven-resources-plugin:2.6:resources (default-resources) @ jol-core ---__dup_187, 3.358832316015306, , , , 97875, False, 
[INFO] --- maven-compiler-plugin:3.1:compile (default-compile) @ jol-core ---__dup_188, 17.067234262225497, , , , 159011, False, 
[INFO] --- maven-compiler-plugin:3.1:testCompile (default-testCompile) @ jol-core ---__dup_189, 33.74784245219131, , , , 1050279, False, 
[INFO] --- maven-surefire-plugin:3.0.0-M5:test (default-test) @ jol-core ---__dup_190, 2688.5395260335035, , , , 138409913, False, 
##[group]==END_FILE==__dup_191, 1433.2624609059535, , , , 76691190, False, 
##[group]GITHUB_TOKEN Permissions__dup_192, 5.989492239891178, , , , 2130657, False, 
##[group]Run actions/checkout@v3__dup_193, 3.235817928648315, , , , 176767, False, 
##[group]Cleaning the repository__dup_194, 1.5709514329793532, , , , 35003, False, 
##[group]Fetching the repository__dup_195, 7.698232060414084, , , , 547025, False, 
##[group]Checking out the ref__dup_196, 6.336710005944041, , , , 20262, False, 
##[group]Installed distributions__dup_197, 83.90242961546582, , , , 8628912, False, 
##[group]Run mvn clean install -DskipTests -B --file pom.xml__dup_198, 308.5024592357456, , , , 13015219, True, [ERROR] Tests run: 5, Failures: 0, Errors: 3, Skipped: 0, Time elapsed: 0.386 s <<< FAILURE! - in org.openjdk.jol.info.GraphLayoutImageTests
[INFO] --- maven-clean-plugin:2.5:clean (default-clean) @ jol-parent ---__dup_199, 2.8449536589643523, , , , 72573, False, 
[INFO] --- maven-install-plugin:2.4:install (default-install) @ jol-parent ---__dup_200, 5.8379497196091945, , , , 227125, False, 
[INFO] --- maven-license-plugin:1.10.b1:format (default) @ jol-core ---__dup_201, 6.035339588516513, , , , 170618, False, 
[INFO] --- maven-resources-plugin:2.6:resources (default-resources) @ jol-core ---__dup_202, 3.091690995098501, , , , 68734, False, 
[INFO] --- maven-compiler-plugin:3.1:compile (default-compile) @ jol-core ---__dup_203, 35.39081431090061, , , , 1758354, False, 
[INFO] --- maven-compiler-plugin:3.1:testCompile (default-testCompile) @ jol-core ---__dup_204, 14.224477177307314, , , , 354845, False, 
[INFO] --- maven-surefire-plugin:3.0.0-M5:test (default-test) @ jol-core ---__dup_205, 3.542437434734461, , , , 163323, False, 
[INFO] --- maven-surefire-plugin:3.0.0-M5:test (tests-1g-minus-coops-minus-ccp-align16) @ jol-core ---, 3.536964690897514, , , , 3640, False, 
[INFO] --- maven-jar-plugin:2.4:jar (default-jar) @ jol-core ---__dup_207, 7.057511150284187, , , , 165650, False, 
[INFO] --- maven-source-plugin:3.0.1:jar (attach-sources) @ jol-core ---__dup_208, 7.035620174936399, , , , 225315, False, 
[INFO] --- maven-javadoc-plugin:3.0.1:jar (attach-javadoc) @ jol-core ---__dup_209, 50.92764616622959, , , , 2638510, True, [ERROR] Tests run: 5, Failures: 0, Errors: 3, Skipped: 0, Time elapsed: 0.386 s <<< FAILURE! - in org.openjdk.jol.info.GraphLayoutImageTests
[INFO] --- maven-install-plugin:2.4:install (default-install) @ jol-core ---__dup_210, 3.505420399286026, , , , 21100, True, [ERROR]   GraphLayoutImageTests.testMultipleArrays:59 Â» NoClassDefFound Could not initia...
[INFO] --- maven-compiler-plugin:3.1:compile (default-compile) @ jol-cli ---__dup_211, 7.010326551623171, , , , 223936, True, [ERROR] 
[INFO] --- maven-shade-plugin:3.2.1:shade (java-cli) @ jol-cli ---__dup_212, 3.5049061523371456, , , , 133482, False, 
[INFO] --- maven-source-plugin:3.0.1:jar (attach-sources) @ jol-cli ---__dup_213, 3.5047347366875194, , , , 13740, False, 
[INFO] --- maven-javadoc-plugin:3.0.1:jar (attach-javadoc) @ jol-cli ---__dup_214, 51.08250149354521, , , , 1509543, False, 
[INFO] --- maven-compiler-plugin:3.1:compile (default-compile) @ jol-samples ---__dup_215, 17.21704084111528, , , , 149128, False, 
[INFO] --- maven-source-plugin:3.0.1:jar (attach-sources) @ jol-samples ---__dup_216, 3.5152397690518926, , , , 25257, False, 
[INFO] --- maven-javadoc-plugin:3.0.1:jar (attach-javadoc) @ jol-samples ---__dup_217, 32.795352527320304, , , , 1152841, False, 
[INFO] --- maven-compiler-plugin:3.8.0:compile (default-compile) @ jol-benchmarks ---__dup_218, 17.406733426363566, , , , 425569, False, 
[INFO] --- maven-shade-plugin:3.2.1:shade (default) @ jol-benchmarks ---__dup_219, 17.667094537360246, , , , 280456, False, 
[INFO] --- maven-javadoc-plugin:3.0.1:jar (attach-javadoc) @ jol-benchmarks ---__dup_220, 48.07234185093756, , , , 1793567, False, 
[INFO] --- maven-install-plugin:2.4:install (default-install) @ jol-benchmarks ---__dup_221, 51.16349584181511, , , , 1216116, False, 
##[group]Run mvn test -B --file pom.xml__dup_222, 921.355905960267, , , , 35300859, True, [ERROR] Error fetching link: /home/power/actions-runner/_work/jol/jol/jol-core/target/apidocs/package-list. Ignored it.
[INFO] --- maven-license-plugin:1.10.b1:format (default) @ jol-core ---__dup_223, 6.88449522331878, , , , 203990, False, 
[INFO] --- maven-resources-plugin:2.6:resources (default-resources) @ jol-core ---__dup_224, 3.4581338616316195, , , , 106845, False, 
[INFO] --- maven-compiler-plugin:3.1:compile (default-compile) @ jol-core ---__dup_225, 17.290669308158098, , , , 146732, False, 
[INFO] --- maven-resources-plugin:2.6:testResources (default-testResources) @ jol-core ---, 3.413122969292309, , , , 3779, False, 
[INFO] --- maven-compiler-plugin:3.1:testCompile (default-testCompile) @ jol-core ---__dup_227, 34.362214111951616, , , , 1053428, False, 
##[group]GITHUB_TOKEN Permissions__dup_228, 13.172771408204309, , , , 2274791, False, 
##[group]Run actions/checkout@v3__dup_229, 3.413365620465135, , , , 162458, False, 
##[group]Setting up auth__dup_230, 1.758695569341034, , , , 63634, False, 
##[group]Fetching the repository__dup_231, 7.242833313798, , , , 461087, False, 
##[group]Installed distributions__dup_232, 287.9236219102833, , , , 24140976, False, 
##[group]Run mvn clean install -DskipTests -B --file pom.xml__dup_233, 330.8629265624697, , , , 12928839, True, [ERROR] Tests run: 5, Failures: 0, Errors: 3, Skipped: 0, Time elapsed: 0.386 s <<< FAILURE! - in org.openjdk.jol.info.GraphLayoutImageTests
[INFO] --- maven-install-plugin:2.4:install (default-install) @ jol-parent ---__dup_234, 9.286351521115458, , , , 231946, False, 
[INFO] --- maven-license-plugin:1.10.b1:format (default) @ jol-core ---__dup_235, 6.454448156201229, , , , 190629, False, 
[INFO] --- maven-compiler-plugin:3.1:compile (default-compile) @ jol-core ---__dup_236, 34.73462648324282, , , , 1692720, False, 
[INFO] --- maven-compiler-plugin:3.1:testCompile (default-testCompile) @ jol-core ---__dup_237, 17.6424102168559, , , , 312885, False, 
[INFO] --- maven-surefire-plugin:3.0.0-M5:test (default-test) @ jol-core ---__dup_238, 7.123655673798456, , , , 131148, False, 
[INFO] --- maven-jar-plugin:2.4:jar (default-jar) @ jol-core ---__dup_239, 17.975868152136375, , , , 194336, False, 
[INFO] --- maven-source-plugin:3.0.1:jar (attach-sources) @ jol-core ---__dup_240, 10.683825426131158, , , , 218435, False, 
[INFO] --- maven-javadoc-plugin:3.0.1:jar (attach-javadoc) @ jol-core ---__dup_241, 68.67596292187288, , , , 2718057, True, [ERROR] Tests run: 5, Failures: 0, Errors: 3, Skipped: 0, Time elapsed: 0.386 s <<< FAILURE! - in org.openjdk.jol.info.GraphLayoutImageTests
[INFO] --- maven-install-plugin:2.4:install (default-install) @ jol-core ---__dup_242, 17.126531244417077, , , , 25169, False, 
[INFO] --- maven-compiler-plugin:3.1:compile (default-compile) @ jol-cli ---__dup_243, 6.857239117223275, , , , 190201, True, [ERROR] Re-run Maven using the -X switch to enable full debug logging.
[INFO] --- maven-shade-plugin:3.2.1:shade (java-cli) @ jol-cli ---__dup_244, 6.866074609831868, , , , 122708, False, 
[INFO] --- maven-javadoc-plugin:3.0.1:jar (attach-javadoc) @ jol-cli ---__dup_245, 32.45453223346178, , , , 1564382, False, 
[INFO] --- maven-compiler-plugin:3.1:compile (default-compile) @ jol-samples ---__dup_246, 6.6470689342890354, , , , 173491, False, 
[INFO] --- maven-javadoc-plugin:3.0.1:jar (attach-javadoc) @ jol-samples ---__dup_247, 17.026987649999594, , , , 1124583, False, 
[INFO] --- maven-compiler-plugin:3.8.0:compile (default-compile) @ jol-benchmarks ---__dup_248, 17.023867507478123, , , , 357230, False, 
[INFO] --- maven-shade-plugin:3.2.1:shade (default) @ jol-benchmarks ---__dup_249, 16.971587417386115, , , , 266068, False, 
[INFO] --- maven-source-plugin:3.0.1:jar (attach-sources) @ jol-benchmarks ---__dup_250, 3.353208489984167, , , , 20575, False, 
[INFO] --- maven-javadoc-plugin:3.0.1:jar (attach-javadoc) @ jol-benchmarks ---__dup_251, 49.7799371353471, , , , 1702282, False, 
[INFO] --- maven-install-plugin:2.4:install (default-install) @ jol-benchmarks ---__dup_252, 31.87048614621979, , , , 1234883, True, [ERROR] Error fetching link: /home/power/actions-runner/_work/jol/jol/jol-core/target/apidocs/package-list. Ignored it.
##[group]Run mvn test -B --file pom.xml__dup_253, 847.4185965423459, , , , 32982054, True, [ERROR] Error fetching link: /home/power/actions-runner/_work/jol/jol/jol-core/target/apidocs/package-list. Ignored it.
[INFO] --- maven-license-plugin:1.10.b1:format (default) @ jol-core ---__dup_254, 16.660634610208245, , , , 221839, False, 
[INFO] --- maven-resources-plugin:2.6:resources (default-resources) @ jol-core ---__dup_255, 3.3592853413431287, , , , 107658, False, 
[INFO] --- maven-compiler-plugin:3.1:compile (default-compile) @ jol-core ---__dup_256, 6.745729101987737, , , , 142538, False, 
[INFO] --- maven-compiler-plugin:3.1:testCompile (default-testCompile) @ jol-core ---__dup_257, 34.271813895968286, , , , 1027430, False, 
[INFO] --- maven-surefire-plugin:3.0.0-M5:test (default-test) @ jol-core ---__dup_258, 1029.453313953509, , , , 51614277, False, 
##[group]GITHUB_TOKEN Permissions__dup_259, 21.694781323973235, , , , 2169061, False, 
##[group]Run actions/checkout@v3__dup_260, 7.811662540367667, , , , 167247, False, 
##[group]Setting up auth__dup_261, 1.451007253491446, , , , 60475, False, 
##[group]Fetching the repository__dup_262, 6.420096858091574, , , , 458666, False, 
##[group]Checking out the ref__dup_263, 1.256565866639862, , , , 20423, False, 
##[group]Installed distributions__dup_264, 96.08155679947184, , , , 8547976, False, 
##[group]Run mvn clean install -DskipTests -B --file pom.xml__dup_265, 293.644829072213, , , , 13457565, True, [ERROR] Tests run: 5, Failures: 0, Errors: 3, Skipped: 0, Time elapsed: 0.386 s <<< FAILURE! - in org.openjdk.jol.info.GraphLayoutImageTests
[INFO] --- maven-clean-plugin:2.5:clean (default-clean) @ jol-parent ---__dup_266, 2.9472904724181386, , , , 67309, False, 
[INFO] --- maven-install-plugin:2.4:install (default-install) @ jol-parent ---__dup_267, 14.736452362090692, , , , 238040, False, 
[INFO] --- maven-license-plugin:1.10.b1:format (default) @ jol-core ---__dup_268, 6.650614172309443, , , , 195208, False, 
[INFO] --- maven-resources-plugin:2.6:resources (default-resources) @ jol-core ---__dup_269, 3.487314206327542, , , , 65077, False, 
[INFO] --- maven-compiler-plugin:3.1:compile (default-compile) @ jol-core ---__dup_270, 51.34766810525908, , , , 1759674, False, 
[INFO] --- maven-compiler-plugin:3.1:testCompile (default-testCompile) @ jol-core ---__dup_271, 17.632621109693513, , , , 324379, False, 
[INFO] --- maven-surefire-plugin:3.0.0-M5:test (default-test) @ jol-core ---__dup_272, 3.5280413942007334, , , , 116115, False, 
[INFO] --- maven-jar-plugin:2.4:jar (default-jar) @ jol-core ---__dup_273, 10.588675699388292, , , , 212555, False, 
[INFO] --- maven-source-plugin:3.0.1:jar (attach-sources) @ jol-core ---__dup_274, 17.6515857629689, , , , 352179, False, 
[INFO] --- maven-javadoc-plugin:3.0.1:jar (attach-javadoc) @ jol-core ---__dup_275, 33.53709393091552, , , , 2791572, True, [ERROR] Tests run: 5, Failures: 0, Errors: 3, Skipped: 0, Time elapsed: 0.386 s <<< FAILURE! - in org.openjdk.jol.info.GraphLayoutImageTests
[INFO] --- maven-compiler-plugin:3.1:compile (default-compile) @ jol-cli ---__dup_276, 7.016841705541188, , , , 194341, True, [ERROR] 
[INFO] --- maven-jar-plugin:2.4:jar (default-jar) @ jol-cli ---__dup_277, 3.50133480356636, , , , 17406, False, 
[INFO] --- maven-shade-plugin:3.2.1:shade (java-cli) @ jol-cli ---__dup_278, 3.4966107707635365, , , , 124431, False, 
[INFO] --- maven-javadoc-plugin:3.0.1:jar (attach-javadoc) @ jol-cli ---__dup_279, 47.95251122246867, , , , 1662983, False, 
[INFO] --- maven-compiler-plugin:3.1:compile (default-compile) @ jol-samples ---__dup_280, 3.269898757943903, , , , 144063, False, 
[INFO] --- maven-jar-plugin:2.4:jar (default-jar) @ jol-samples ---, 3.20715342725887, , , , 26292, False, 
[INFO] --- maven-javadoc-plugin:3.0.1:jar (attach-javadoc) @ jol-samples ---__dup_282, 30.920723525758223, , , , 1117319, False, 
[INFO] --- maven-install-plugin:2.4:install (default-install) @ jol-samples ---__dup_283, 3.4004998104739825, , , , 25919, False, 
[INFO] --- maven-compiler-plugin:3.8.0:compile (default-compile) @ jol-benchmarks ---__dup_284, 14.072364726606, , , , 425198, False, 
[INFO] --- maven-jar-plugin:2.4:jar (default-jar) @ jol-benchmarks ---__dup_285, 17.94323002179005, , , , 16485, False, 
[INFO] --- maven-shade-plugin:3.2.1:shade (default) @ jol-benchmarks ---__dup_286, 10.485051245986591, , , , 264383, False, 
[INFO] --- maven-javadoc-plugin:3.0.1:jar (attach-javadoc) @ jol-benchmarks ---__dup_287, 32.52684693267442, , , , 1692196, False, 
[INFO] --- maven-install-plugin:2.4:install (default-install) @ jol-benchmarks ---__dup_288, 48.5245788503411, , , , 1297855, True, [ERROR] Error fetching link: /home/power/actions-runner/_work/jol/jol/jol-core/target/apidocs/package-list. Ignored it.
##[group]Run mvn test -B --file pom.xml__dup_289, 857.2117121189912, , , , 32577561, True, [ERROR] Error fetching link: /home/power/actions-runner/_work/jol/jol/jol-core/target/apidocs/package-list. Ignored it.
[INFO] --- maven-license-plugin:1.10.b1:format (default) @ jol-core ---__dup_290, 6.731873624203018, , , , 214661, False, 
[INFO] --- maven-resources-plugin:2.6:resources (default-resources) @ jol-core ---__dup_291, 16.834052714569804, , , , 118334, False, 
[INFO] --- maven-compiler-plugin:3.1:compile (default-compile) @ jol-core ---__dup_292, 6.633690657711864, , , , 150425, False, 
[INFO] --- maven-compiler-plugin:3.1:testCompile (default-testCompile) @ jol-core ---__dup_293, 33.70547665948464, , , , 1007304, False, 
##[group]GITHUB_TOKEN Permissions__dup_294, 14.70539254296292, , , , 2207462, False, 
##[group]Run actions/checkout@v3__dup_295, 12.321501547936473, , , , 163214, False, 
##[group]Removing previously created refs_ to avoid conflicts, 2.4653611907830224, , , , 21705, False, 
##[group]Setting up auth__dup_297, 2.46642207197875, , , , 61563, False, 
##[group]Fetching the repository__dup_298, 12.348023577829668, , , , 454158, False, 
##[group]Checking out the ref__dup_299, 2.2667962521666505, , , , 20220, False, 
##[group]Installed distributions__dup_300, 89.57841564927332, , , , 8460422, False, 
##[group]Run mvn clean install -DskipTests -B --file pom.xml__dup_301, 376.8762909500416, , , , 13168645, True, [ERROR] Tests run: 5, Failures: 0, Errors: 3, Skipped: 0, Time elapsed: 0.386 s <<< FAILURE! - in org.openjdk.jol.info.GraphLayoutImageTests
[INFO] --- maven-clean-plugin:2.5:clean (default-clean) @ jol-parent ---__dup_302, 3.424188399763332, , , , 60571, False, 
[INFO] --- maven-install-plugin:2.4:install (default-install) @ jol-parent ---__dup_303, 17.150983991240505, , , , 249226, False, 
[INFO] --- maven-license-plugin:1.10.b1:format (default) @ jol-core ---__dup_304, 6.900714467482141, , , , 194447, False, 
[INFO] --- maven-resources-plugin:2.6:resources (default-resources) @ jol-core ---__dup_305, 3.47051766923404, , , , 70646, False, 
[INFO] --- maven-compiler-plugin:3.1:compile (default-compile) @ jol-core ---__dup_306, 33.54086481059066, , , , 1676232, False, 
[INFO] --- maven-compiler-plugin:3.1:testCompile (default-testCompile) @ jol-core ---__dup_307, 17.56020129404277, , , , 325343, False, 
[INFO] --- maven-surefire-plugin:3.0.0-M5:test (default-test) @ jol-core ---__dup_308, 3.5350367486922423, , , , 128083, False, 
[INFO] --- maven-surefire-plugin:3.0.0-M5:test (tests-4g-plus-coops-plus-ccp) @ jol-core ---, 3.540785871163165, , , , 3221, False, 
[INFO] --- maven-jar-plugin:2.4:jar (default-jar) @ jol-core ---__dup_310, 17.703929355815823, , , , 203016, False, 
[INFO] --- maven-source-plugin:3.0.1:jar (attach-sources) @ jol-core ---__dup_311, 7.082621339887908, , , , 223860, False, 
[INFO] --- maven-javadoc-plugin:3.0.1:jar (attach-javadoc) @ jol-core ---__dup_312, 85.95304808891436, , , , 2707638, True, [ERROR] Tests run: 5, Failures: 0, Errors: 3, Skipped: 0, Time elapsed: 0.386 s <<< FAILURE! - in org.openjdk.jol.info.GraphLayoutImageTests
[INFO] --- maven-license-plugin:1.10.b1:format (default) @ jol-cli ---__dup_313, 3.478537268779973, , , , 10719, False, 
[INFO] --- maven-compiler-plugin:3.1:compile (default-compile) @ jol-cli ---__dup_314, 7.0077555093238, , , , 208038, True, [ERROR] 
[INFO] --- maven-shade-plugin:3.2.1:shade (java-cli) @ jol-cli ---__dup_315, 17.64609120271913, , , , 152007, False, 
[INFO] --- maven-source-plugin:3.0.1:jar (attach-sources) @ jol-cli ---__dup_316, 3.4504084186841992, , , , 15157, False, 
[INFO] --- maven-javadoc-plugin:3.0.1:jar (attach-javadoc) @ jol-cli ---__dup_317, 31.881102425064068, , , , 1667678, False, 
[INFO] --- maven-compiler-plugin:3.1:compile (default-compile) @ jol-samples ---__dup_318, 6.9131370808248, , , , 146474, False, 
[INFO] --- maven-shade-plugin:3.2.1:shade (jol-samples) @ jol-samples ---__dup_319, 3.494600985114508, , , , 28802, False, 
[INFO] --- maven-javadoc-plugin:3.0.1:jar (attach-javadoc) @ jol-samples ---__dup_320, 33.396414815011234, , , , 1116766, False, 
[INFO] --- maven-install-plugin:2.4:install (default-install) @ jol-samples ---__dup_321, 3.2068657456056577, , , , 143464, False, 
[INFO] --- maven-license-plugin:1.10.b1:format (default) @ jol-benchmarks ---, 3.217957629464617, , , , 5421, False, 
[INFO] --- maven-compiler-plugin:3.8.0:compile (default-compile) @ jol-benchmarks ---__dup_323, 16.20070698591268, , , , 380757, False, 
[INFO] --- maven-jar-plugin:2.4:jar (default-jar) @ jol-benchmarks ---__dup_324, 3.2281424699753987, , , , 14251, False, 
[INFO] --- maven-shade-plugin:3.2.1:shade (default) @ jol-benchmarks ---__dup_325, 6.438286549140088, , , , 272461, False, 
[INFO] --- maven-javadoc-plugin:3.0.1:jar (attach-javadoc) @ jol-benchmarks ---__dup_326, 65.25509072213421, , , , 1690498, False, 
[INFO] --- maven-install-plugin:2.4:install (default-install) @ jol-benchmarks ---__dup_327, 31.449386771219785, , , , 1251097, True, [ERROR] Error fetching link: /home/power/actions-runner/_work/jol/jol/jol-core/target/apidocs/package-list. Ignored it.
##[group]Run mvn test -B --file pom.xml__dup_328, 890.6256071660304, , , , 33392938, True, [ERROR] Error fetching link: /home/power/actions-runner/_work/jol/jol/jol-core/target/apidocs/package-list. Ignored it.
[INFO] --- maven-license-plugin:1.10.b1:format (default) @ jol-core ---__dup_329, 17.015019739782865, , , , 215738, False, 
[INFO] --- maven-resources-plugin:2.6:resources (default-resources) @ jol-core ---__dup_330, 3.41102370561123, , , , 120354, False, 
[INFO] --- maven-compiler-plugin:3.1:compile (default-compile) @ jol-core ---__dup_331, 6.834077047704443, , , , 148848, False, 
[INFO] --- maven-compiler-plugin:3.1:testCompile (default-testCompile) @ jol-core ---__dup_332, 32.65282802804797, , , , 1016511, False, 
[INFO] --- maven-surefire-plugin:3.0.0-M5:test (default-test) @ jol-core ---__dup_333, 7608.430932855983, , , , 369652073, False, 
##[group]==END_FILE==__dup_334, 6604.41176787931, , , , 324530559, False, 
##[group]GITHUB_TOKEN Permissions__dup_335, 18.196873282089783, , , , 2087611, False, 
##[group]Run actions/checkout@v3__dup_336, 4.747864614723076, , , , 165672, False, 
##[group]Setting up auth__dup_337, 2.642549263464208, , , , 60185, False, 
##[group]Fetching the repository__dup_338, 13.749980229526376, , , , 424953, False, 
##[group]Installed distributions__dup_339, 594.5308129598852, , , , 61907587, False, 
##[group]Run mvn clean install -DskipTests -B --file pom.xml__dup_340, 421.1230751130416, , , , 13504848, True, [ERROR] Tests run: 5, Failures: 0, Errors: 3, Skipped: 0, Time elapsed: 0.386 s <<< FAILURE! - in org.openjdk.jol.info.GraphLayoutImageTests
[INFO] --- maven-clean-plugin:2.5:clean (default-clean) @ jol-parent ---__dup_341, 3.1790115668586565, , , , 61401, False, 
[INFO] --- maven-install-plugin:2.4:install (default-install) @ jol-parent ---__dup_342, 6.675835250826113, , , , 250498, False, 
[INFO] --- maven-license-plugin:1.10.b1:format (default) @ jol-core ---__dup_343, 17.484118419837284, , , , 188052, False, 
[INFO] --- maven-resources-plugin:2.6:resources (default-resources) @ jol-core ---__dup_344, 3.492081011634865, , , , 73863, False, 
[INFO] --- maven-compiler-plugin:3.1:compile (default-compile) @ jol-core ---__dup_345, 52.19839107129514, , , , 1670330, False, 
[INFO] --- maven-compiler-plugin:3.1:testCompile (default-testCompile) @ jol-core ---__dup_346, 17.830570756449983, , , , 354592, False, 
[INFO] --- maven-surefire-plugin:3.0.0-M5:test (default-test) @ jol-core ---__dup_347, 3.5429448324486383, , , , 129711, False, 
[INFO] --- maven-surefire-plugin:3.0.0-M5:test (tests-1g-minus-coops-plus-ccp) @ jol-core ---, 3.535221726168185, , , , 2606, False, 
[INFO] --- maven-jar-plugin:2.4:jar (default-jar) @ jol-core ---__dup_349, 17.63749309943866, , , , 159977, False, 
[INFO] --- maven-source-plugin:3.0.1:jar (attach-sources) @ jol-core ---__dup_350, 10.575733255424272, , , , 243247, False, 
[INFO] --- maven-javadoc-plugin:3.0.1:jar (attach-javadoc) @ jol-core ---__dup_351, 103.977950218326, , , , 2821041, True, [ERROR] Tests run: 5, Failures: 0, Errors: 3, Skipped: 0, Time elapsed: 0.386 s <<< FAILURE! - in org.openjdk.jol.info.GraphLayoutImageTests
[INFO] --- maven-install-plugin:2.4:install (default-install) @ jol-core ---__dup_352, 3.46945881085874, , , , 87134, False, 
[INFO] --- maven-compiler-plugin:3.1:compile (default-compile) @ jol-cli ---__dup_353, 6.940972306466196, , , , 222746, True, [ERROR] Re-run Maven using the -X switch to enable full debug logging.
[INFO] --- maven-jar-plugin:2.4:jar (default-jar) @ jol-cli ---__dup_354, 3.4715134956074563, , , , 18823, False, 
[INFO] --- maven-shade-plugin:3.2.1:shade (java-cli) @ jol-cli ---__dup_355, 17.357567478037282, , , , 129660, False, 
[INFO] --- maven-javadoc-plugin:3.0.1:jar (attach-javadoc) @ jol-cli ---__dup_356, 49.88285223575485, , , , 1681329, False, 
[INFO] --- maven-compiler-plugin:3.1:compile (default-compile) @ jol-samples ---__dup_357, 6.913753177860412, , , , 150706, False, 
[INFO] --- maven-jar-plugin:2.4:jar (default-jar) @ jol-samples ---__dup_358, 17.283574883403187, , , , 27327, False, 
[INFO] --- maven-source-plugin:3.0.1:jar (attach-sources) @ jol-samples ---__dup_359, 3.4428820873735804, , , , 25828, False, 
[INFO] --- maven-javadoc-plugin:3.0.1:jar (attach-javadoc) @ jol-samples ---__dup_360, 33.97281873924861, , , , 1151612, False, 
[INFO] --- maven-compiler-plugin:3.8.0:compile (default-compile) @ jol-benchmarks ---__dup_361, 17.24010561143548, , , , 373438, False, 
[INFO] --- maven-shade-plugin:3.2.1:shade (default) @ jol-benchmarks ---__dup_362, 10.208341090407009, , , , 285939, False, 
[INFO] --- maven-javadoc-plugin:3.0.1:jar (attach-javadoc) @ jol-benchmarks ---__dup_363, 34.052773670792746, , , , 1909265, False, 
[INFO] --- maven-install-plugin:2.4:install (default-install) @ jol-benchmarks ---__dup_364, 46.39975361001149, , , , 1308790, True, [ERROR] Error fetching link: /home/power/actions-runner/_work/jol/jol/jol-core/target/apidocs/package-list. Ignored it.
##[group]Run mvn test -B --file pom.xml__dup_365, 956.253948629386, , , , 33203193, True, [ERROR] Error fetching link: /home/power/actions-runner/_work/jol/jol/jol-core/target/apidocs/package-list. Ignored it.
[INFO] --- maven-license-plugin:1.10.b1:format (default) @ jol-core ---__dup_366, 6.532828767446423, , , , 231721, False, 
[INFO] --- maven-resources-plugin:2.6:resources (default-resources) @ jol-core ---__dup_367, 3.4204305666070765, , , , 122014, False, 
[INFO] --- maven-compiler-plugin:3.1:compile (default-compile) @ jol-core ---__dup_368, 17.102152833035383, , , , 145612, False, 
[INFO] --- maven-compiler-plugin:3.1:testCompile (default-testCompile) @ jol-core ---__dup_369, 34.07533089119852, , , , 1081881, False, 
[INFO] --- maven-surefire-plugin:3.0.0-M5:test (default-test) @ jol-core ---__dup_370, 1151.639602807501, , , , 52479082, False, 
##[group]==END_FILE==__dup_371, 87.43191016514483, , , , 8493424, False, 
##[group]GITHUB_TOKEN Permissions__dup_372, 30.083438414965904, , , , 2064003, False, 
##[group]Run actions/checkout@v3__dup_373, 4.298975747609108, , , , 181296, False, 
##[group]Setting up auth__dup_374, 2.3780622140738226, , , , 63808, False, 
##[group]Fetching the repository__dup_375, 12.65222553793334, , , , 485795, False, 
##[group]Installed distributions__dup_376, 110.5140792467417, , , , 9027052, False, 
##[group]Run mvn clean install -DskipTests -B --file pom.xml__dup_377, 398.2031108036048, , , , 13414218, True, [ERROR] Tests run: 5, Failures: 0, Errors: 3, Skipped: 0, Time elapsed: 0.386 s <<< FAILURE! - in org.openjdk.jol.info.GraphLayoutImageTests
[INFO] --- maven-clean-plugin:2.5:clean (default-clean) @ jol-parent ---__dup_378, 3.387447313736865, , , , 62147, False, 
[INFO] --- maven-install-plugin:2.4:install (default-install) @ jol-parent ---__dup_379, 6.829000441184552, , , , 250112, False, 
[INFO] --- maven-license-plugin:1.10.b1:format (default) @ jol-core ---__dup_380, 17.29794199342314, , , , 190145, False, 
[INFO] --- maven-resources-plugin:2.6:resources (default-resources) @ jol-core ---__dup_381, 3.4145293566927077, , , , 72158, False, 
[INFO] --- maven-compiler-plugin:3.1:compile (default-compile) @ jol-core ---__dup_382, 50.74621240310401, , , , 1773630, False, 
[INFO] --- maven-compiler-plugin:3.1:testCompile (default-testCompile) @ jol-core ---__dup_383, 13.851902653681917, , , , 377678, False, 
[INFO] --- maven-surefire-plugin:3.0.0-M5:test (default-test) @ jol-core ---__dup_384, 3.470668211073877, , , , 120749, False, 
[INFO] --- maven-jar-plugin:2.4:jar (default-jar) @ jol-core ---__dup_385, 6.950567479331831, , , , 176302, False, 
[INFO] --- maven-source-plugin:3.0.1:jar (attach-sources) @ jol-core ---__dup_386, 6.962875555577267, , , , 231560, False, 
[INFO] --- maven-javadoc-plugin:3.0.1:jar (attach-javadoc) @ jol-core ---__dup_387, 82.51767089418738, , , , 2846860, True, [ERROR] Tests run: 5, Failures: 0, Errors: 3, Skipped: 0, Time elapsed: 0.386 s <<< FAILURE! - in org.openjdk.jol.info.GraphLayoutImageTests
[INFO] --- maven-compiler-plugin:3.1:compile (default-compile) @ jol-cli ---__dup_388, 6.932676134712276, , , , 202401, True, [ERROR] 
[INFO] --- maven-jar-plugin:2.4:jar (default-jar) @ jol-cli ---__dup_389, 3.4608201914258605, , , , 18122, False, 
[INFO] --- maven-shade-plugin:3.2.1:shade (java-cli) @ jol-cli ---__dup_390, 17.304100957129304, , , , 124585, False, 
[INFO] --- maven-javadoc-plugin:3.0.1:jar (attach-javadoc) @ jol-cli ---__dup_391, 50.932418143489365, , , , 1624905, False, 
[INFO] --- maven-resources-plugin:2.6:resources (default-resources) @ jol-samples ---, 3.4920257986782923, , , , 2236, False, 
[INFO] --- maven-compiler-plugin:3.1:compile (default-compile) @ jol-samples ---__dup_393, 3.4853020419567047, , , , 166866, False, 
[INFO] --- maven-jar-plugin:2.4:jar (default-jar) @ jol-samples ---__dup_394, 3.478578285235117, , , , 28126, False, 
[INFO] --- maven-javadoc-plugin:3.0.1:jar (attach-javadoc) @ jol-samples ---__dup_395, 47.16554779496906, , , , 1151364, False, 
[INFO] --- maven-compiler-plugin:3.8.0:compile (default-compile) @ jol-benchmarks ---__dup_396, 17.532797629410094, , , , 407603, False, 
[INFO] --- maven-shade-plugin:3.2.1:shade (default) @ jol-benchmarks ---__dup_397, 10.346962640874668, , , , 295777, False, 
[INFO] --- maven-javadoc-plugin:3.0.1:jar (attach-javadoc) @ jol-benchmarks ---__dup_398, 68.52802703581891, , , , 1741566, False, 
[INFO] --- maven-install-plugin:2.4:install (default-install) @ jol-benchmarks ---__dup_399, 31.34365293285251, , , , 1310317, True, [ERROR] Error fetching link: /home/power/actions-runner/_work/jol/jol/jol-core/target/apidocs/package-list. Ignored it.
##[group]Run mvn test -B --file pom.xml__dup_400, 981.9493603820788, , , , 33259734, True, [ERROR] Error fetching link: /home/power/actions-runner/_work/jol/jol/jol-core/target/apidocs/package-list. Ignored it.
[INFO] --- maven-license-plugin:1.10.b1:format (default) @ jol-core ---__dup_401, 16.81431859770796, , , , 223749, False, 
[INFO] --- maven-resources-plugin:2.6:resources (default-resources) @ jol-core ---__dup_402, 3.415625561245579, , , , 116610, False, 
[INFO] --- maven-compiler-plugin:3.1:compile (default-compile) @ jol-core ---__dup_403, 6.884012964195144, , , , 157038, False, 
[INFO] --- maven-compiler-plugin:3.1:testCompile (default-testCompile) @ jol-core ---__dup_404, 33.40333460497387, , , , 1038844, False, 
##[group]GITHUB_TOKEN Permissions__dup_405, 19.09517141380388, , , , 2221016, False, 
##[group]Run actions/checkout@v3__dup_406, 4.76449592771788, , , , 186440, False, 
##[group]Setting up auth__dup_407, 2.569941371177065, , , , 61042, False, 
##[group]Fetching the repository__dup_408, 13.475351546945742, , , , 426198, False, 
##[group]Installed distributions__dup_409, 95.57641923824264, , , , 8516208, False, 
##[group]Run mvn clean install -DskipTests -B --file pom.xml__dup_410, 396.10029693375577, , , , 13391486, True, [ERROR] Tests run: 5, Failures: 0, Errors: 3, Skipped: 0, Time elapsed: 0.386 s <<< FAILURE! - in org.openjdk.jol.info.GraphLayoutImageTests
[INFO] --- maven-clean-plugin:2.5:clean (default-clean) @ jol-parent ---__dup_411, 15.059583504668783, , , , 60828, False, 
[INFO] --- maven-install-plugin:2.4:install (default-install) @ jol-parent ---__dup_412, 6.301164554022208, , , , 231814, False, 
[INFO] --- maven-license-plugin:1.10.b1:format (default) @ jol-core ---__dup_413, 6.670939423561798, , , , 189040, False, 
[INFO] --- maven-resources-plugin:2.6:resources (default-resources) @ jol-core ---__dup_414, 17.370676439291227, , , , 74713, False, 
[INFO] --- maven-compiler-plugin:3.1:compile (default-compile) @ jol-core ---__dup_415, 32.66003157817808, , , , 1738390, False, 
[INFO] --- maven-compiler-plugin:3.1:testCompile (default-testCompile) @ jol-core ---__dup_416, 14.150087504421885, , , , 321839, False, 
[INFO] --- maven-surefire-plugin:3.0.0-M5:test (default-test) @ jol-core ---__dup_417, 3.566821806951675, , , , 129335, False, 
[INFO] --- maven-surefire-plugin:3.0.0-M5:test (tests-4g-minus-coops-plus-ccp-align16) @ jol-core ---, 3.578541779290157, , , , 2329, False, 
[INFO] --- maven-jar-plugin:2.4:jar (default-jar) @ jol-core ---__dup_419, 3.5902617516286384, , , , 192209, False, 
[INFO] --- maven-source-plugin:3.0.1:jar (attach-sources) @ jol-core ---__dup_420, 18.0099086198356, , , , 234938, False, 
[INFO] --- maven-javadoc-plugin:3.0.1:jar (attach-javadoc) @ jol-core ---__dup_421, 104.27274062614002, , , , 2962080, True, [ERROR] Tests run: 5, Failures: 0, Errors: 3, Skipped: 0, Time elapsed: 0.386 s <<< FAILURE! - in org.openjdk.jol.info.GraphLayoutImageTests
[INFO] --- maven-install-plugin:2.4:install (default-install) @ jol-core ---__dup_422, 3.4494477707989617, , , , 90732, True, [ERROR]   GraphLayoutImageTests.testMultipleArrays:59 Â» NoClassDefFound Could not initia...
[INFO] --- maven-resources-plugin:2.6:resources (default-resources) @ jol-cli ---, 3.441665036234644, , , , 1919, True, [ERROR] Failed to execute goal org.apache.maven.plugins:maven-surefire-plugin:3.0.0-M5:test (default-test) on project jol-core: There are test failures.
[INFO] --- maven-compiler-plugin:3.1:compile (default-compile) @ jol-cli ---__dup_424, 6.859981868776339, , , , 205882, True, [ERROR] 
[INFO] --- maven-shade-plugin:3.2.1:shade (java-cli) @ jol-cli ---__dup_425, 17.130497835530058, , , , 136518, False, 
[INFO] --- maven-javadoc-plugin:3.0.1:jar (attach-javadoc) @ jol-cli ---__dup_426, 49.959117070816575, , , , 1616017, False, 
[INFO] --- maven-compiler-plugin:3.1:compile (default-compile) @ jol-samples ---__dup_427, 3.4677047453448635, , , , 157180, False, 
[INFO] --- maven-jar-plugin:2.4:jar (default-jar) @ jol-samples ---__dup_428, 3.475678210076026, , , , 26382, False, 
[INFO] --- maven-source-plugin:3.0.1:jar (attach-sources) @ jol-samples ---__dup_429, 17.37839105038013, , , , 25724, False, 
[INFO] --- maven-javadoc-plugin:3.0.1:jar (attach-javadoc) @ jol-samples ---__dup_430, 31.36581958149145, , , , 1143598, False, 
[INFO] --- maven-compiler-plugin:3.8.0:compile (default-compile) @ jol-benchmarks ---__dup_431, 13.19620648191474, , , , 364270, False, 
[INFO] --- maven-shade-plugin:3.2.1:shade (default) @ jol-benchmarks ---__dup_432, 9.708256949803452, , , , 283517, False, 
[INFO] --- maven-javadoc-plugin:3.0.1:jar (attach-javadoc) @ jol-benchmarks ---__dup_433, 64.98408069530629, , , , 1727312, False, 
[INFO] --- maven-install-plugin:2.4:install (default-install) @ jol-benchmarks ---__dup_434, 32.60866749235012, , , , 1345599, True, [ERROR] Error fetching link: /home/power/actions-runner/_work/jol/jol/jol-core/target/apidocs/package-list. Ignored it.
##[group]Run mvn test -B --file pom.xml__dup_435, 919.451035817661, , , , 32884294, True, [ERROR] Error fetching link: /home/power/actions-runner/_work/jol/jol/jol-core/target/apidocs/package-list. Ignored it.
[INFO] --- maven-license-plugin:1.10.b1:format (default) @ jol-core ---__dup_436, 16.775353608676024, , , , 224054, False, 
[INFO] --- maven-resources-plugin:2.6:resources (default-resources) @ jol-core ---__dup_437, 3.3912415101069784, , , , 121201, False, 
[INFO] --- maven-compiler-plugin:3.1:compile (default-compile) @ jol-core ---__dup_438, 3.4032984395642365, , , , 148711, False, 
[INFO] --- maven-compiler-plugin:3.1:testCompile (default-testCompile) @ jol-core ---__dup_439, 33.97624535838288, , , , 1047254, False, 
##[group]GITHUB_TOKEN Permissions__dup_440, 20.28767272798226, , , , 2185110, False, 
##[group]Run actions/checkout@v3__dup_441, 2.238790731850057, , , , 165597, False, 
##[group]Removing previously created refs_ to avoid conflicts__dup_442, 2.3652871503682857, , , , 21769, False, 
##[group]Setting up auth__dup_443, 2.4917835688865138, , , , 62127, False, 
##[group]Fetching the repository__dup_444, 13.091399937023713, , , , 477239, False, 
##[group]Installed distributions__dup_445, 111.84421484822796, , , , 9675584, False, 
##[group]Run mvn clean install -DskipTests -B --file pom.xml__dup_446, 360.3636760619819, , , , 14912126, False, 
[INFO] --- maven-clean-plugin:2.5:clean (default-clean) @ jol-parent ---__dup_447, 2.852061313167282, , , , 95558, False, 
[INFO] --- maven-install-plugin:2.4:install (default-install) @ jol-parent ---__dup_448, 9.054642793572972, , , , 271055, False, 
[INFO] --- maven-license-plugin:1.10.b1:format (default) @ jol-core ---__dup_449, 6.451810907441256, , , , 177089, False, 
[INFO] --- maven-resources-plugin:2.6:resources (default-resources) @ jol-core ---__dup_450, 3.3505201672384093, , , , 96141, False, 
[INFO] --- maven-compiler-plugin:3.1:compile (default-compile) @ jol-core ---__dup_451, 100.70109091682336, , , , 2929267, False, 
[INFO] --- maven-compiler-plugin:3.1:testCompile (default-testCompile) @ jol-core ---__dup_452, 17.138351099307826, , , , 243121, False, 
[INFO] --- maven-surefire-plugin:3.0.0-M5:test (default-test) @ jol-core ---__dup_453, 3.378477293732396, , , , 140056, False, 
[INFO] --- maven-surefire-plugin:3.0.0-M5:test (tests-4g-plus-coops-minus-ccp-align16) @ jol-core ---, 3.3538808306678107, , , , 11776, False, 
[INFO] --- maven-jar-plugin:2.4:jar (default-jar) @ jol-core ---__dup_455, 6.633972272141866, , , , 218557, False, 
[INFO] --- maven-source-plugin:3.0.1:jar (attach-sources) @ jol-core ---__dup_456, 16.523439522693206, , , , 217817, False, 
[INFO] --- maven-javadoc-plugin:3.0.1:jar (attach-javadoc) @ jol-core ---__dup_457, 63.53401332214303, , , , 2591047, False, 
[INFO] --- maven-compiler-plugin:3.1:compile (default-compile) @ jol-cli ---__dup_458, 6.477283878135857, , , , 145222, False, 
[INFO] --- maven-shade-plugin:3.2.1:shade (java-cli) @ jol-cli ---__dup_459, 3.2283701097316757, , , , 128668, False, 
[INFO] --- maven-source-plugin:3.0.1:jar (attach-sources) @ jol-cli ---__dup_460, 3.2215222235075056, , , , 49404, False, 
[INFO] --- maven-javadoc-plugin:3.0.1:jar (attach-javadoc) @ jol-cli ---__dup_461, 33.21480409706366, , , , 1019987, False, 
[INFO] --- maven-compiler-plugin:3.1:compile (default-compile) @ jol-samples ---__dup_462, 3.3220339830856567, , , , 90722, False, 
[INFO] --- maven-source-plugin:3.0.1:jar (attach-sources) @ jol-samples ---__dup_463, 3.282051225921631, , , , 23460, False, 
[INFO] --- maven-javadoc-plugin:3.0.1:jar (attach-javadoc) @ jol-samples ---__dup_464, 15.210773414687369, , , , 684332, False, 
[INFO] --- maven-compiler-plugin:3.8.0:compile (default-compile) @ jol-benchmarks ---__dup_465, 13.44906099400534, , , , 428671, False, 
[INFO] --- maven-shade-plugin:3.2.1:shade (default) @ jol-benchmarks ---__dup_466, 17.49727745442924, , , , 277035, False, 
[INFO] --- maven-javadoc-plugin:3.0.1:jar (attach-javadoc) @ jol-benchmarks ---__dup_467, 29.945019395776725, , , , 1192393, False, 
[INFO] --- maven-install-plugin:2.4:install (default-install) @ jol-benchmarks ---__dup_468, 54.48624339645696, , , , 1620265, False, 
##[group]Run mvn test -B --file pom.xml__dup_469, 695.4157270207603, , , , 26721434, True, [ERROR] Tests run: 5, Failures: 0, Errors: 3, Skipped: 0, Time elapsed: 0.386 s <<< FAILURE! - in org.openjdk.jol.info.GraphLayoutImageTests
[INFO] --- maven-license-plugin:1.10.b1:format (default) @ jol-core ---__dup_470, 9.563853228806266, , , , 210956, False, 
[INFO] --- maven-resources-plugin:2.6:resources (default-resources) @ jol-core ---__dup_471, 3.544056763830965, , , , 103271, False, 
[INFO] --- maven-compiler-plugin:3.1:compile (default-compile) @ jol-core ---__dup_472, 17.720283819154826, , , , 161862, False, 
[INFO] --- maven-compiler-plugin:3.1:testCompile (default-testCompile) @ jol-core ---__dup_473, 16.640918336566017, , , , 744405, False, 
##[group]GITHUB_TOKEN Permissions__dup_474, 32.30436463514299, , , , 2079377, False, 
##[group]Run actions/checkout@v3__dup_475, 4.524289901807846, , , , 166368, False, 
##[group]Cleaning the repository__dup_476, 2.4672997079136056, , , , 33425, False, 
##[group]Fetching the repository__dup_477, 13.020347729600305, , , , 452966, False, 
##[group]Installed distributions__dup_478, 107.44119579494034, , , , 9894861, False, 
##[group]Run mvn clean install -DskipTests -B --file pom.xml__dup_479, 313.7384706820041, , , , 10546633, False, 
[INFO] --- maven-clean-plugin:2.5:clean (default-clean) @ jol-parent ---__dup_480, 3.033345234717728, , , , 62492, False, 
[INFO] --- maven-install-plugin:2.4:install (default-install) @ jol-parent ---__dup_481, 15.676212708464735, , , , 252342, False, 
[INFO] --- maven-license-plugin:1.10.b1:format (default) @ jol-core ---__dup_482, 3.368199760899214, , , , 167165, False, 
[INFO] --- maven-resources-plugin:2.6:resources (default-resources) @ jol-core ---__dup_483, 3.445852167301303, , , , 107424, False, 
[INFO] --- maven-compiler-plugin:3.1:compile (default-compile) @ jol-core ---__dup_484, 53.17103707304088, , , , 1263004, False, 
[INFO] --- maven-compiler-plugin:3.1:testCompile (default-testCompile) @ jol-core ---__dup_485, 7.098396553433294, , , , 205235, False, 
[INFO] --- maven-surefire-plugin:3.0.0-M5:test (default-test) @ jol-core ---__dup_486, 17.628075617154405, , , , 134548, False, 
[INFO] --- maven-jar-plugin:2.4:jar (default-jar) @ jol-core ---__dup_487, 6.885230448923196, , , , 160736, False, 
[INFO] --- maven-source-plugin:3.0.1:jar (attach-sources) @ jol-core ---__dup_488, 6.752430610572343, , , , 226928, False, 
[INFO] --- maven-javadoc-plugin:3.0.1:jar (attach-javadoc) @ jol-core ---__dup_489, 84.54708903998076, , , , 2245012, False, 
[INFO] --- maven-compiler-plugin:3.1:compile (default-compile) @ jol-cli ---__dup_490, 3.4047617564300587, , , , 139529, False, 
[INFO] --- maven-jar-plugin:2.4:jar (default-jar) @ jol-cli ---__dup_491, 3.392463318033029, , , , 16093, False, 
[INFO] --- maven-shade-plugin:3.2.1:shade (java-cli) @ jol-cli ---__dup_492, 16.96231659016515, , , , 132218, False, 
[INFO] --- maven-source-plugin:3.0.1:jar (attach-sources) @ jol-cli ---__dup_493, 3.36857695248506, , , , 142319, False, 
[INFO] --- maven-javadoc-plugin:3.0.1:jar (attach-javadoc) @ jol-cli ---__dup_494, 16.663737020815525, , , , 1205408, False, 
[INFO] --- maven-install-plugin:2.4:install (default-install) @ jol-cli ---__dup_495, 3.370789370082671, , , , 20602, False, 
[INFO] --- maven-compiler-plugin:3.1:compile (default-compile) @ jol-samples ---__dup_496, 3.374593566674627, , , , 87718, False, 
[INFO] --- maven-source-plugin:3.0.1:jar (attach-sources) @ jol-samples ---__dup_497, 3.378397763266584, , , , 26646, False, 
[INFO] --- maven-javadoc-plugin:3.0.1:jar (attach-javadoc) @ jol-samples ---__dup_498, 16.949051765212268, , , , 745848, False, 
[INFO] --- maven-compiler-plugin:3.8.0:compile (default-compile) @ jol-benchmarks ---__dup_499, 17.063962990423434, , , , 359816, False, 
[INFO] --- maven-shade-plugin:3.2.1:shade (default) @ jol-benchmarks ---__dup_500, 15.757581310795484, , , , 274662, False, 
[INFO] --- maven-javadoc-plugin:3.0.1:jar (attach-javadoc) @ jol-benchmarks ---__dup_501, 32.7962491133742, , , , 1086336, False, 
[INFO] --- maven-install-plugin:2.4:install (default-install) @ jol-benchmarks ---__dup_502, 29.73517981022124, , , , 1250104, False, 
##[group]Run mvn test -B --file pom.xml__dup_503, 690.4886103391423, , , , 25001598, True, [ERROR] Tests run: 5, Failures: 0, Errors: 3, Skipped: 0, Time elapsed: 0.386 s <<< FAILURE! - in org.openjdk.jol.info.GraphLayoutImageTests
[INFO] --- maven-license-plugin:1.10.b1:format (default) @ jol-core ---__dup_504, 9.901649356309065, , , , 239766, False, 
[INFO] --- maven-resources-plugin:2.6:resources (default-resources) @ jol-core ---__dup_505, 3.4156713177131737, , , , 96633, False, 
[INFO] --- maven-compiler-plugin:3.1:compile (default-compile) @ jol-core ---__dup_506, 3.4732320838515838, , , , 133790, False, 
[INFO] --- maven-compiler-plugin:3.1:testCompile (default-testCompile) @ jol-core ---__dup_507, 35.83532871883722, , , , 720166, False, 
##[group]GITHUB_TOKEN Permissions__dup_508, 39.38190022059944, , , , 2208650, False, 
##[group]Run actions/checkout@v3__dup_509, 2.492864775977299, , , , 154369, False, 
##[group]Getting Git version info, 2.6499996043864047, , , , 6991, False, 
##[group]Setting up auth__dup_511, 13.249998021932022, , , , 60617, False, 
##[group]Fetching the repository__dup_512, 6.707768119339484, , , , 436812, False, 
##[group]Checking out the ref__dup_513, 6.299586775135356, , , , 20617, False, 
##[group]Installed distributions__dup_514, 66.45082909539721, , , , 9001268, False, 
##[group]Run mvn clean install -DskipTests -B --file pom.xml__dup_515, 321.69912535103174, , , , 10722063, False, 
[INFO] --- maven-clean-plugin:2.5:clean (default-clean) @ jol-parent ---__dup_516, 2.909897108150308, , , , 77941, False, 
[INFO] --- maven-install-plugin:2.4:install (default-install) @ jol-parent ---__dup_517, 9.648853641715732, , , , 240213, False, 
[INFO] --- maven-license-plugin:1.10.b1:format (default) @ jol-core ---__dup_518, 17.613359931634232, , , , 153957, False, 
[INFO] --- maven-resources-plugin:2.6:resources (default-resources) @ jol-core ---__dup_519, 3.5051011863589485, , , , 74954, False, 
[INFO] --- maven-compiler-plugin:3.1:compile (default-compile) @ jol-core ---__dup_520, 35.222516637307145, , , , 1273945, False, 
[INFO] --- maven-compiler-plugin:3.1:testCompile (default-testCompile) @ jol-core ---__dup_521, 7.070062660248107, , , , 201129, False, 
[INFO] --- maven-surefire-plugin:3.0.0-M5:test (default-test) @ jol-core ---__dup_522, 3.514671145346776, , , , 137113, False, 
[INFO] --- maven-jar-plugin:2.4:jar (default-jar) @ jol-core ---__dup_523, 6.988621921138996, , , , 160382, False, 
[INFO] --- maven-source-plugin:3.0.1:jar (attach-sources) @ jol-core ---__dup_524, 6.934328095066256, , , , 228594, False, 
[INFO] --- maven-javadoc-plugin:3.0.1:jar (attach-javadoc) @ jol-core ---__dup_525, 84.45970597843103, , , , 2436057, False, 
[INFO] --- maven-install-plugin:2.4:install (default-install) @ jol-core ---__dup_526, 3.3853699180199213, , , , 109780, False, 
[INFO] --- maven-compiler-plugin:3.1:compile (default-compile) @ jol-cli ---__dup_527, 6.702211791898719, , , , 137790, False, 
[INFO] --- maven-shade-plugin:3.2.1:shade (java-cli) @ jol-cli ---__dup_528, 16.584209369393992, , , , 127198, False, 
[INFO] --- maven-source-plugin:3.0.1:jar (attach-sources) @ jol-cli ---__dup_529, 6.484139732586087, , , , 150098, False, 
[INFO] --- maven-javadoc-plugin:3.0.1:jar (attach-javadoc) @ jol-cli ---__dup_530, 31.87199368928942, , , , 1264218, False, 
[INFO] --- maven-license-plugin:1.10.b1:format (default) @ jol-samples ---__dup_531, 3.3414461473491164, , , , 23660, False, 
[INFO] --- maven-compiler-plugin:3.1:compile (default-compile) @ jol-samples ---__dup_532, 16.707230736745583, , , , 88844, False, 
[INFO] --- maven-javadoc-plugin:3.0.1:jar (attach-javadoc) @ jol-samples ---__dup_533, 15.226212532623526, , , , 719316, False, 
[INFO] --- maven-compiler-plugin:3.8.0:compile (default-compile) @ jol-benchmarks ---__dup_534, 16.972224571093665, , , , 298531, False, 
[INFO] --- maven-shade-plugin:3.2.1:shade (default) @ jol-benchmarks ---__dup_535, 10.066982426051927, , , , 272949, False, 
[INFO] --- maven-source-plugin:3.0.1:jar (attach-sources) @ jol-benchmarks ---__dup_536, 16.729823911501434, , , , 14134, False, 
[INFO] --- maven-javadoc-plugin:3.0.1:jar (attach-javadoc) @ jol-benchmarks ---__dup_537, 30.20081798252593, , , , 1031766, False, 
[INFO] --- maven-install-plugin:2.4:install (default-install) @ jol-benchmarks ---__dup_538, 27.81349138037194, , , , 1297369, False, 
##[group]Run mvn test -B --file pom.xml__dup_539, 654.7939525821473, , , , 24864524, True, [ERROR] Tests run: 5, Failures: 0, Errors: 3, Skipped: 0, Time elapsed: 0.386 s <<< FAILURE! - in org.openjdk.jol.info.GraphLayoutImageTests
[INFO] --- maven-license-plugin:1.10.b1:format (default) @ jol-core ---__dup_540, 17.116979003503342, , , , 239225, False, 
[INFO] --- maven-resources-plugin:2.6:resources (default-resources) @ jol-core ---__dup_541, 3.428978159828274, , , , 94532, False, 
[INFO] --- maven-compiler-plugin:3.1:compile (default-compile) @ jol-core ---__dup_542, 3.4317693393920763, , , , 136588, False, 
[INFO] --- maven-compiler-plugin:3.1:testCompile (default-testCompile) @ jol-core ---__dup_543, 36.3362866095703, , , , 742893, False, 
